{
    "PATH Tue Nov 23 13:30:13 2021": {
        "PATTERN1": {
            "element_decode": [
                "index1",
                "index2",
                "index3",
                "index4"
            ],
            "element_name": [
                "IMG1",
                "IMG2",
                "IMG3",
                "IMG4"
            ],
            "element_num": [
                "NUM1",
                "NUM2",
                "NUM3",
                "NUM4"
            ]
        },
        "PATTERN2": {
            "element_decode": [
                "index1",
                "index2",
                "index3",
                "index4"
            ],
            "element_name": [
                "IMG1",
                "IMG2",
                "IMG3",
                "IMG4"
            ],
            "element_num": [
                "NUM1",
                "NUM2",
                "NUM3",
                "NUM4"
            ]
        },
        "PATTERN3": {
            "element_decode": [
                "index1",
                "index2",
                "index3",
                "index4"
            ],
            "element_name": [
                "IMG1",
                "IMG2",
                "IMG3",
                "IMG4"
            ],
            "element_num": [
                "NUM1",
                "NUM2",
                "NUM3",
                "NUM4"
            ]
        },
        "Note": {},
        "INPUT": {
            "Floor": "IMG",
            "Ceiling": "IMG",
            "Path Length": "digit"
        }
    },
    "2022-01-05-00_41_30 sd": {
        "d5gncgbe": {
            "ELEMENT_DECODE_INDEX": [
                "d5",
                "gn",
                "cg",
                "be"
            ],
            "ELEMENT_NAME_IMG": [
                "dot_pattern_5x5.jpg",
                "green.jpg",
                "chess_pattern_orig.jpg",
                "blue.jpg"
            ],
            "ELEMENT_NUM_DIG": [
                7,
                8,
                5,
                1
            ],
            "GENE_TIME": "Wed Jan  5 00:41:26 2022"
        },
        "Note": [
            3,
            0,
            0
        ],
        "INPUT": {
            "Floor": "brown.jpg",
            "Ceiling": "black.jpg",
            "Path Length": 2
        }
    },
    "2022-01-05-01_17_49 sdsdsd": {
        "c5c5c5c5": {
            "ELEMENT_DECODE_INDEX": [
                "c5",
                "c5",
                "c5",
                "c5"
            ],
            "ELEMENT_NAME_IMG": [
                "chess_pattern_5x5.jpg",
                "chess_pattern_5x5.jpg",
                "chess_pattern_5x5.jpg",
                "chess_pattern_5x5.jpg"
            ],
            "ELEMENT_NUM_DIG": [
                3,
                3,
                3,
                3
            ],
            "GENE_TIME": "Wed Jan  5 01:17:37 2022"
        },
        "bnweywpe": {
            "ELEMENT_DECODE_INDEX": [
                "bn",
                "we",
                "yw",
                "pe"
            ],
            "ELEMENT_NAME_IMG": [
                "brown.jpg",
                "white.jpg",
                "yellow.jpg",
                "purple.jpg"
            ],
            "ELEMENT_NUM_DIG": [
                2,
                11,
                12,
                9
            ],
            "GENE_TIME": "Wed Jan  5 01:17:41 2022"
        },
        "bebnc5d5": {
            "ELEMENT_DECODE_INDEX": [
                "be",
                "bn",
                "c5",
                "d5"
            ],
            "ELEMENT_NAME_IMG": [
                "blue.jpg",
                "brown.jpg",
                "chess_pattern_5x5.jpg",
                "dot_pattern_5x5.jpg"
            ],
            "ELEMENT_NUM_DIG": [
                1,
                2,
                3,
                7
            ],
            "GENE_TIME": "Wed Jan  5 01:17:48 2022"
        },
        "Note": [
            1,
            1,
            1
        ],
        "INPUT": {
            "Floor": "blue.jpg",
            "Ceiling": "blue.jpg",
            "Path Length": "2"
        }
    },
    "2022-01-05-01_17_52 sdsdsd": {
        "c5c5c5c5": {
            "ELEMENT_DECODE_INDEX": [
                "c5",
                "c5",
                "c5",
                "c5"
            ],
            "ELEMENT_NAME_IMG": [
                "chess_pattern_5x5.jpg",
                "chess_pattern_5x5.jpg",
                "chess_pattern_5x5.jpg",
                "chess_pattern_5x5.jpg"
            ],
            "ELEMENT_NUM_DIG": [
                3,
                3,
                3,
                3
            ],
            "GENE_TIME": "Wed Jan  5 01:17:37 2022"
        },
        "bnweywpe": {
            "ELEMENT_DECODE_INDEX": [
                "bn",
                "we",
                "yw",
                "pe"
            ],
            "ELEMENT_NAME_IMG": [
                "brown.jpg",
                "white.jpg",
                "yellow.jpg",
                "purple.jpg"
            ],
            "ELEMENT_NUM_DIG": [
                2,
                11,
                12,
                9
            ],
            "GENE_TIME": "Wed Jan  5 01:17:41 2022"
        },
        "bebnc5d5": {
            "ELEMENT_DECODE_INDEX": [
                "be",
                "bn",
                "c5",
                "d5"
            ],
            "ELEMENT_NAME_IMG": [
                "blue.jpg",
                "brown.jpg",
                "chess_pattern_5x5.jpg",
                "dot_pattern_5x5.jpg"
            ],
            "ELEMENT_NUM_DIG": [
                1,
                2,
                3,
                7
            ],
            "GENE_TIME": "Wed Jan  5 01:17:48 2022"
        },
        "Note": [
            1,
            1,
            1
        ],
        "INPUT": {
            "Floor": "blue.jpg",
            "Ceiling": "blue.jpg",
            "Path Length": "2"
        }
    },
    "2022-01-05-01_26_08 sdsdsdsdsd": {
        "d5gncgbe": {
            "ELEMENT_DECODE_INDEX": [
                "d5",
                "gn",
                "cg",
                "be"
            ],
            "ELEMENT_NAME_IMG": [
                "dot_pattern_5x5.jpg",
                "green.jpg",
                "chess_pattern_orig.jpg",
                "blue.jpg"
            ],
            "ELEMENT_NUM_DIG": [
                7,
                8,
                5,
                1
            ],
            "GENE_TIME": "Wed Jan  5 01:26:00 2022"
        },
        "Note": [
            3,
            0,
            0
        ],
        "INPUT": {
            "Floor": "black.jpg",
            "Ceiling": "chess_pattern_5x5.jpg",
            "Path Length": "2"
        }
    }
}