{
    "format": {
        "element_decode": [
            "index1",
            "index2",
            "index3",
            "index4"
        ],
        "element_name": [
            "IMG1",
            "IMG2",
            "IMG3",
            "IMG4"
        ],
        "element_num": [
            "NUM1",
            "NUM2",
            "NUM3",
            "NUM4"
        ],
        "GENE_TIME": "Wed Jan 31 09:49:09 2018"
    },
    "c5c5c5c5": {
        "ELEMENT_DECODE_INDEX": [
            "c5",
            "c5",
            "c5",
            "c5"
        ],
        "ELEMENT_NAME_IMG": [
            "chess_pattern_5x5.jpg",
            "chess_pattern_5x5.jpg",
            "chess_pattern_5x5.jpg",
            "chess_pattern_5x5.jpg"
        ],
        "ELEMENT_NUM_DIG": [
            3,
            3,
            3,
            3
        ],
        "GENE_TIME": "Thu Jan  6 01:06:37 2022"
    },
    "rdywwepe": {
        "ELEMENT_DECODE_INDEX": [
            "rd",
            "yw",
            "we",
            "pe"
        ],
        "ELEMENT_NAME_IMG": [
            "red.jpg",
            "yellow.jpg",
            "white.jpg",
            "purple.jpg"
        ],
        "ELEMENT_NUM_DIG": [
            10,
            12,
            11,
            9
        ],
        "GENE_TIME": "Thu Jan  6 01:16:52 2022"
    }
}