{
    "PATH Tue Nov 23 13:30:13 2021": {
        "PATTERN1": {
            "element_decode": [
                "index1",
                "index2",
                "index3",
                "index4"
            ],
            "element_name": [
                "IMG1",
                "IMG2",
                "IMG3",
                "IMG4"
            ],
            "element_num": [
                "NUM1",
                "NUM2",
                "NUM3",
                "NUM4"
            ]
        },
        "PATTERN2": {
            "element_decode": [
                "index1",
                "index2",
                "index3",
                "index4"
            ],
            "element_name": [
                "IMG1",
                "IMG2",
                "IMG3",
                "IMG4"
            ],
            "element_num": [
                "NUM1",
                "NUM2",
                "NUM3",
                "NUM4"
            ]
        },
        "PATTERN3": {
            "element_decode": [
                "index1",
                "index2",
                "index3",
                "index4"
            ],
            "element_name": [
                "IMG1",
                "IMG2",
                "IMG3",
                "IMG4"
            ],
            "element_num": [
                "NUM1",
                "NUM2",
                "NUM3",
                "NUM4"
            ]
        },
        "Note": {},
        "INPUT": {
            "Floor": "IMG",
            "Ceiling": "IMG",
            "Path Length": "digit"
        }
    },
    "2022-01-13-15_54_25 clay1": {
        "cgpeywcx": {
            "ELEMENT_DECODE_INDEX": [
                "cg",
                "pe",
                "yw",
                "cx"
            ],
            "ELEMENT_NAME_IMG": [
                "chess_pattern_orig.jpg",
                "purple.jpg",
                "yellow.jpg",
                "cube_pattern_5x5.jpg"
            ],
            "ELEMENT_NUM_DIG": [
                1,
                4,
                8,
                11
            ],
            "GENE_TIME": "Thu Jan 13 15:53:32 2022"
        },
        "Note": [
            3,
            0,
            0
        ],
        "INPUT": {
            "Floor": "chess_pattern_5x5.jpg",
            "Ceiling": "cube_pattern_5x5.jpg",
            "Path Length": "2"
        }
    },
    "2022-01-13-15_57_49 clay1": {
        "cgpeywcx": {
            "ELEMENT_DECODE_INDEX": [
                "cg",
                "pe",
                "yw",
                "cx"
            ],
            "ELEMENT_NAME_IMG": [
                "chess_pattern_orig.jpg",
                "purple.jpg",
                "yellow.jpg",
                "cube_pattern_5x5.jpg"
            ],
            "ELEMENT_NUM_DIG": [
                1,
                4,
                8,
                11
            ],
            "GENE_TIME": "Thu Jan 13 15:53:32 2022"
        },
        "cgpeywgn": {
            "ELEMENT_DECODE_INDEX": [
                "cg",
                "pe",
                "yw",
                "gn"
            ],
            "ELEMENT_NAME_IMG": [
                "chess_pattern_orig.jpg",
                "purple.jpg",
                "yellow.jpg",
                "green.jpg"
            ],
            "ELEMENT_NUM_DIG": [
                1,
                4,
                8,
                10
            ],
            "GENE_TIME": "Thu Jan 13 15:57:10 2022"
        },
        "Note": [
            2,
            0,
            1
        ],
        "INPUT": {
            "Floor": "chess_pattern_5x5.jpg",
            "Ceiling": "cube_pattern_5x5.jpg",
            "Path Length": "2"
        }
    },
    "2022-01-13-17_19_09 Demo": {
        "cgpeywcx": {
            "ELEMENT_DECODE_INDEX": [
                "cg",
                "pe",
                "yw",
                "cx"
            ],
            "ELEMENT_NAME_IMG": [
                "chess_pattern_orig.jpg",
                "purple.jpg",
                "yellow.jpg",
                "cube_pattern_5x5.jpg"
            ],
            "ELEMENT_NUM_DIG": [
                1,
                4,
                8,
                11
            ],
            "GENE_TIME": "Thu Jan 13 17:17:23 2022"
        },
        "cgpeywgn": {
            "ELEMENT_DECODE_INDEX": [
                "cg",
                "pe",
                "yw",
                "gn"
            ],
            "ELEMENT_NAME_IMG": [
                "chess_pattern_orig.jpg",
                "purple.jpg",
                "yellow.jpg",
                "green.jpg"
            ],
            "ELEMENT_NUM_DIG": [
                1,
                4,
                8,
                10
            ],
            "GENE_TIME": "Thu Jan 13 17:17:29 2022"
        },
        "cgpegnbk": {
            "ELEMENT_DECODE_INDEX": [
                "cg",
                "pe",
                "gn",
                "bk"
            ],
            "ELEMENT_NAME_IMG": [
                "chess_pattern_orig.jpg",
                "purple.jpg",
                "green.jpg",
                "black.jpg"
            ],
            "ELEMENT_NUM_DIG": [
                1,
                4,
                10,
                0
            ],
            "GENE_TIME": "Thu Jan 13 17:17:40 2022"
        },
        "Note": [
            1,
            1,
            1
        ],
        "INPUT": {
            "Floor": "chess_pattern_5x5.jpg",
            "Ceiling": "purple.jpg",
            "Path Length": "6"
        }
    },
    "2022-01-14-16_06_39 sdsdsd": {
        "cgpeywgn": {
            "ELEMENT_DECODE_INDEX": [
                "cg",
                "pe",
                "yw",
                "gn"
            ],
            "ELEMENT_NAME_IMG": [
                "chess_pattern_orig.jpg",
                "purple.jpg",
                "yellow.jpg",
                "green.jpg"
            ],
            "ELEMENT_NUM_DIG": [
                1,
                4,
                8,
                10
            ],
            "GENE_TIME": "Fri Jan 14 16:06:32 2022"
        },
        "Note": [
            3,
            0,
            0
        ],
        "INPUT": {
            "Floor": "chess_pattern_5x5.jpg",
            "Ceiling": "chess_pattern_orig.jpg",
            "Path Length": "2"
        }
    }
}