{
    "format": {
        "element_decode": [
            "index1",
            "index2",
            "index3",
            "index4"
        ],
        "element_name": [
            "IMG1",
            "IMG2",
            "IMG3",
            "IMG4"
        ],
        "element_num": [
            "NUM1",
            "NUM2",
            "NUM3",
            "NUM4"
        ],
        "GENE_TIME": "Wed Jan 31 09:49:09 2018"
    },
    "cgcgcgcg": {
        "ELEMENT_DECODE_INDEX": [
            "cg",
            "cg",
            "cg",
            "cg"
        ],
        "ELEMENT_NAME_IMG": [
            "chess_pattern_orig.jpg",
            "chess_pattern_orig.jpg",
            "chess_pattern_orig.jpg",
            "chess_pattern_orig.jpg"
        ],
        "ELEMENT_NUM_DIG": [
            1,
            1,
            1,
            1
        ],
        "GENE_TIME": "Sat Jan  8 18:19:59 2022"
    },
    "cgcgcgc5": {
        "ELEMENT_DECODE_INDEX": [
            "cg",
            "cg",
            "cg",
            "c5"
        ],
        "ELEMENT_NAME_IMG": [
            "chess_pattern_orig.jpg",
            "chess_pattern_orig.jpg",
            "chess_pattern_orig.jpg",
            "chess_pattern_5x5.jpg"
        ],
        "ELEMENT_NUM_DIG": [
            1,
            1,
            1,
            2
        ],
        "GENE_TIME": "Wed Jan 12 12:28:42 2022"
    },
    "cgcgcgbe": {
        "ELEMENT_DECODE_INDEX": [
            "cg",
            "cg",
            "cg",
            "be"
        ],
        "ELEMENT_NAME_IMG": [
            "chess_pattern_orig.jpg",
            "chess_pattern_orig.jpg",
            "chess_pattern_orig.jpg",
            "blue.jpg"
        ],
        "ELEMENT_NUM_DIG": [
            1,
            1,
            1,
            9
        ],
        "GENE_TIME": "Sat Jan  8 19:57:48 2022"
    },
    "cgcgcgpe": {
        "ELEMENT_DECODE_INDEX": [
            "cg",
            "cg",
            "cg",
            "pe"
        ],
        "ELEMENT_NAME_IMG": [
            "chess_pattern_orig.jpg",
            "chess_pattern_orig.jpg",
            "chess_pattern_orig.jpg",
            "purple.jpg"
        ],
        "ELEMENT_NUM_DIG": [
            1,
            1,
            1,
            4
        ],
        "GENE_TIME": "Sat Jan  8 19:57:42 2022"
    },
    "cxcxcxcx": {
        "ELEMENT_DECODE_INDEX": [
            "cx",
            "cx",
            "cx",
            "cx"
        ],
        "ELEMENT_NAME_IMG": [
            "cube_pattern_5x5.jpg",
            "cube_pattern_5x5.jpg",
            "cube_pattern_5x5.jpg",
            "cube_pattern_5x5.jpg"
        ],
        "ELEMENT_NUM_DIG": [
            11,
            11,
            11,
            11
        ],
        "GENE_TIME": "Sat Jan  8 18:20:18 2022"
    },
    "d5cxgnbe": {
        "ELEMENT_DECODE_INDEX": [
            "d5",
            "cx",
            "gn",
            "be"
        ],
        "ELEMENT_NAME_IMG": [
            "dot_pattern_5x5.jpg",
            "cube_pattern_5x5.jpg",
            "green.jpg",
            "blue.jpg"
        ],
        "ELEMENT_NUM_DIG": [
            12,
            11,
            10,
            9
        ],
        "GENE_TIME": "Wed Jan 12 12:25:36 2022"
    },
    "d5cxbed5": {
        "ELEMENT_DECODE_INDEX": [
            "d5",
            "cx",
            "be",
            "d5"
        ],
        "ELEMENT_NAME_IMG": [
            "dot_pattern_5x5.jpg",
            "cube_pattern_5x5.jpg",
            "blue.jpg",
            "dot_pattern_5x5.jpg"
        ],
        "ELEMENT_NUM_DIG": [
            12,
            11,
            9,
            12
        ],
        "GENE_TIME": "Wed Jan 12 12:28:48 2022"
    },
    "cxgnbecg": {
        "ELEMENT_DECODE_INDEX": [
            "cx",
            "gn",
            "be",
            "cg"
        ],
        "ELEMENT_NAME_IMG": [
            "cube_pattern_5x5.jpg",
            "green.jpg",
            "blue.jpg",
            "chess_pattern_orig.jpg"
        ],
        "ELEMENT_NUM_DIG": [
            11,
            10,
            9,
            1
        ],
        "GENE_TIME": "Wed Jan 12 12:28:59 2022"
    }
}