{
    "format": {
        "element_decode": [
            "index1",
            "index2",
            "index3",
            "index4"
        ],
        "element_name": [
            "IMG1",
            "IMG2",
            "IMG3",
            "IMG4"
        ],
        "element_num": [
            "NUM1",
            "NUM2",
            "NUM3",
            "NUM4"
        ],
        "GENE_TIME": "Wed Jan 31 09:49:09 2018"
    },
    "crcrcrcr": {
        "ELEMENT_DECODE_INDEX": [
            "cr",
            "cr",
            "cr",
            "cr"
        ],
        "ELEMENT_NAME_IMG": [
            "chess_pattern_5x5_sparser.jpg",
            "chess_pattern_5x5_sparser.jpg",
            "chess_pattern_5x5_sparser.jpg",
            "chess_pattern_5x5_sparser.jpg"
        ],
        "ELEMENT_NUM_DIG": [
            4,
            4,
            4,
            4
        ],
        "GENE_TIME": "Wed Jan  5 19:29:50 2022"
    },
    "rdrdrdrd": {
        "ELEMENT_DECODE_INDEX": [
            "rd",
            "rd",
            "rd",
            "rd"
        ],
        "ELEMENT_NAME_IMG": [
            "red.jpg",
            "red.jpg",
            "red.jpg",
            "red.jpg"
        ],
        "ELEMENT_NUM_DIG": [
            10,
            10,
            10,
            10
        ],
        "GENE_TIME": "Wed Jan  5 18:24:15 2022"
    },
    "rdcgd5gn": {
        "ELEMENT_DECODE_INDEX": [
            "rd",
            "cg",
            "d5",
            "gn"
        ],
        "ELEMENT_NAME_IMG": [
            "red.jpg",
            "chess_pattern_orig.jpg",
            "dot_pattern_5x5.jpg",
            "green.jpg"
        ],
        "ELEMENT_NUM_DIG": [
            10,
            5,
            7,
            8
        ],
        "GENE_TIME": "Wed Jan  5 19:27:49 2022"
    },
    "c5bnbecr": {
        "ELEMENT_DECODE_INDEX": [
            "c5",
            "bn",
            "be",
            "cr"
        ],
        "ELEMENT_NAME_IMG": [
            "chess_pattern_5x5.jpg",
            "brown.jpg",
            "blue.jpg",
            "chess_pattern_5x5_sparser.jpg"
        ],
        "ELEMENT_NUM_DIG": [
            3,
            2,
            1,
            4
        ],
        "GENE_TIME": "Wed Jan  5 19:32:31 2022"
    },
    "c5d5cxgn": {
        "ELEMENT_DECODE_INDEX": [
            "c5",
            "d5",
            "cx",
            "gn"
        ],
        "ELEMENT_NAME_IMG": [
            "chess_pattern_5x5.jpg",
            "dot_pattern_5x5.jpg",
            "cube_pattern_5x5.jpg",
            "green.jpg"
        ],
        "ELEMENT_NUM_DIG": [
            3,
            7,
            6,
            8
        ],
        "GENE_TIME": "Wed Jan  5 19:35:46 2022"
    },
    "c5crbnbe": {
        "ELEMENT_DECODE_INDEX": [
            "c5",
            "cr",
            "bn",
            "be"
        ],
        "ELEMENT_NAME_IMG": [
            "chess_pattern_5x5.jpg",
            "chess_pattern_5x5_sparser.jpg",
            "brown.jpg",
            "blue.jpg"
        ],
        "ELEMENT_NUM_DIG": [
            3,
            4,
            2,
            1
        ],
        "GENE_TIME": "Wed Jan  5 19:22:24 2022"
    }
}