{
    "PATH Tue Nov 23 13:30:13 2021": {
        "PATTERN1": {
            "element_decode": [
                "index1",
                "index2",
                "index3",
                "index4"
            ],
            "element_name": [
                "IMG1",
                "IMG2",
                "IMG3",
                "IMG4"
            ],
            "element_num": [
                "NUM1",
                "NUM2",
                "NUM3",
                "NUM4"
            ]
        },
        "PATTERN2": {
            "element_decode": [
                "index1",
                "index2",
                "index3",
                "index4"
            ],
            "element_name": [
                "IMG1",
                "IMG2",
                "IMG3",
                "IMG4"
            ],
            "element_num": [
                "NUM1",
                "NUM2",
                "NUM3",
                "NUM4"
            ]
        },
        "PATTERN3": {
            "element_decode": [
                "index1",
                "index2",
                "index3",
                "index4"
            ],
            "element_name": [
                "IMG1",
                "IMG2",
                "IMG3",
                "IMG4"
            ],
            "element_num": [
                "NUM1",
                "NUM2",
                "NUM3",
                "NUM4"
            ]
        },
        "Note": {},
        "INPUT": {
            "Floor": "IMG",
            "Ceiling": "IMG",
            "Path Length": "digit"
        }
    },
    "2022-01-05-12_14_35 sdsdsd": {
        "crcrcrcr": {
            "ELEMENT_DECODE_INDEX": [
                "cr",
                "cr",
                "cr",
                "cr"
            ],
            "ELEMENT_NAME_IMG": [
                "chess_pattern_5x5_sparser.jpg",
                "chess_pattern_5x5_sparser.jpg",
                "chess_pattern_5x5_sparser.jpg",
                "chess_pattern_5x5_sparser.jpg"
            ],
            "ELEMENT_NUM_DIG": [
                4,
                4,
                4,
                4
            ],
            "GENE_TIME": "Wed Jan  5 12:14:23 2022"
        },
        "Note": [
            3,
            0,
            0
        ],
        "INPUT": {
            "Floor": "blue.jpg",
            "Ceiling": "chess_pattern_5x5_sparser.jpg",
            "Path Length": "2"
        }
    },
    "2022-01-05-12_20_14 sd": {
        "crcrcrcr": {
            "ELEMENT_DECODE_INDEX": [
                "cr",
                "cr",
                "cr",
                "cr"
            ],
            "ELEMENT_NAME_IMG": [
                "chess_pattern_5x5_sparser.jpg",
                "chess_pattern_5x5_sparser.jpg",
                "chess_pattern_5x5_sparser.jpg",
                "chess_pattern_5x5_sparser.jpg"
            ],
            "ELEMENT_NUM_DIG": [
                4,
                4,
                4,
                4
            ],
            "GENE_TIME": "Wed Jan  5 12:20:02 2022"
        },
        "Note": [
            3,
            0,
            0
        ],
        "INPUT": {
            "Floor": "black.jpg",
            "Ceiling": "blue.jpg",
            "Path Length": "2"
        }
    },
    "2022-01-05-12_20_27 ssssddd": {
        "crcrcrcr": {
            "ELEMENT_DECODE_INDEX": [
                "cr",
                "cr",
                "cr",
                "cr"
            ],
            "ELEMENT_NAME_IMG": [
                "chess_pattern_5x5_sparser.jpg",
                "chess_pattern_5x5_sparser.jpg",
                "chess_pattern_5x5_sparser.jpg",
                "chess_pattern_5x5_sparser.jpg"
            ],
            "ELEMENT_NUM_DIG": [
                4,
                4,
                4,
                4
            ],
            "GENE_TIME": "Wed Jan  5 12:20:02 2022"
        },
        "Note": [
            3,
            0,
            0
        ],
        "INPUT": {
            "Floor": "black.jpg",
            "Ceiling": "blue.jpg",
            "Path Length": "2"
        }
    },
    "2022-01-05-13_06_50 test0105": {
        "crcrcrcr": {
            "ELEMENT_DECODE_INDEX": [
                "cr",
                "cr",
                "cr",
                "cr"
            ],
            "ELEMENT_NAME_IMG": [
                "chess_pattern_5x5_sparser.jpg",
                "chess_pattern_5x5_sparser.jpg",
                "chess_pattern_5x5_sparser.jpg",
                "chess_pattern_5x5_sparser.jpg"
            ],
            "ELEMENT_NUM_DIG": [
                4,
                4,
                4,
                4
            ],
            "GENE_TIME": "Wed Jan  5 13:06:08 2022"
        },
        "rdrdrdrd": {
            "ELEMENT_DECODE_INDEX": [
                "rd",
                "rd",
                "rd",
                "rd"
            ],
            "ELEMENT_NAME_IMG": [
                "red.jpg",
                "red.jpg",
                "red.jpg",
                "red.jpg"
            ],
            "ELEMENT_NUM_DIG": [
                10,
                10,
                10,
                10
            ],
            "GENE_TIME": "Wed Jan  5 13:06:30 2022"
        },
        "rdcgd5gn": {
            "ELEMENT_DECODE_INDEX": [
                "rd",
                "cg",
                "d5",
                "gn"
            ],
            "ELEMENT_NAME_IMG": [
                "red.jpg",
                "chess_pattern_orig.jpg",
                "dot_pattern_5x5.jpg",
                "green.jpg"
            ],
            "ELEMENT_NUM_DIG": [
                10,
                5,
                7,
                8
            ],
            "GENE_TIME": "Wed Jan  5 13:06:42 2022"
        },
        "Note": [
            1,
            1,
            1
        ],
        "INPUT": {
            "Floor": "brown.jpg",
            "Ceiling": "chess_pattern_5x5_sparser.jpg",
            "Path Length": "2"
        }
    },
    "2022-01-05-13_32_15 sdsdsdsd": {
        "rdrdrdrd": {
            "ELEMENT_DECODE_INDEX": [
                "rd",
                "rd",
                "rd",
                "rd"
            ],
            "ELEMENT_NAME_IMG": [
                "red.jpg",
                "red.jpg",
                "red.jpg",
                "red.jpg"
            ],
            "ELEMENT_NUM_DIG": [
                10,
                10,
                10,
                10
            ],
            "GENE_TIME": "Wed Jan  5 13:32:09 2022"
        },
        "Note": [
            3,
            0,
            0
        ],
        "INPUT": {
            "Floor": "blue.jpg",
            "Ceiling": "dot_pattern_5x5.jpg",
            "Path Length": "2"
        }
    },
    "2022-01-05-18_10_32 TEST210": {
        "rdrdrdrd": {
            "ELEMENT_DECODE_INDEX": [
                "rd",
                "rd",
                "rd",
                "rd"
            ],
            "ELEMENT_NAME_IMG": [
                "red.jpg",
                "red.jpg",
                "red.jpg",
                "red.jpg"
            ],
            "ELEMENT_NUM_DIG": [
                10,
                10,
                10,
                10
            ],
            "GENE_TIME": "Wed Jan  5 18:10:05 2022"
        },
        "rdcgd5gn": {
            "ELEMENT_DECODE_INDEX": [
                "rd",
                "cg",
                "d5",
                "gn"
            ],
            "ELEMENT_NAME_IMG": [
                "red.jpg",
                "chess_pattern_orig.jpg",
                "dot_pattern_5x5.jpg",
                "green.jpg"
            ],
            "ELEMENT_NUM_DIG": [
                10,
                5,
                7,
                8
            ],
            "GENE_TIME": "Wed Jan  5 18:10:12 2022"
        },
        "Note": [
            2,
            0,
            1
        ],
        "INPUT": {
            "Floor": "black.jpg",
            "Ceiling": "chess_pattern_5x5.jpg",
            "Path Length": "2"
        }
    },
    "2022-01-05-18_24_36 TEST021": {
        "rdcgd5gn": {
            "ELEMENT_DECODE_INDEX": [
                "rd",
                "cg",
                "d5",
                "gn"
            ],
            "ELEMENT_NAME_IMG": [
                "red.jpg",
                "chess_pattern_orig.jpg",
                "dot_pattern_5x5.jpg",
                "green.jpg"
            ],
            "ELEMENT_NUM_DIG": [
                10,
                5,
                7,
                8
            ],
            "GENE_TIME": "Wed Jan  5 18:24:20 2022"
        },
        "rdrdrdrd": {
            "ELEMENT_DECODE_INDEX": [
                "rd",
                "rd",
                "rd",
                "rd"
            ],
            "ELEMENT_NAME_IMG": [
                "red.jpg",
                "red.jpg",
                "red.jpg",
                "red.jpg"
            ],
            "ELEMENT_NUM_DIG": [
                10,
                10,
                10,
                10
            ],
            "GENE_TIME": "Wed Jan  5 18:24:15 2022"
        },
        "Note": [
            1,
            2,
            0
        ],
        "INPUT": {
            "Floor": "chess_pattern_5x5_sparser.jpg",
            "Ceiling": "brown.jpg",
            "Path Length": "2"
        }
    },
    "2022-01-05-18_45_55 SDSD210": {
        "crcrcrcr": {
            "ELEMENT_DECODE_INDEX": [
                "cr",
                "cr",
                "cr",
                "cr"
            ],
            "ELEMENT_NAME_IMG": [
                "chess_pattern_5x5_sparser.jpg",
                "chess_pattern_5x5_sparser.jpg",
                "chess_pattern_5x5_sparser.jpg",
                "chess_pattern_5x5_sparser.jpg"
            ],
            "ELEMENT_NUM_DIG": [
                4,
                4,
                4,
                4
            ],
            "GENE_TIME": "Wed Jan  5 18:45:41 2022"
        },
        "rdcgd5gn": {
            "ELEMENT_DECODE_INDEX": [
                "rd",
                "cg",
                "d5",
                "gn"
            ],
            "ELEMENT_NAME_IMG": [
                "red.jpg",
                "chess_pattern_orig.jpg",
                "dot_pattern_5x5.jpg",
                "green.jpg"
            ],
            "ELEMENT_NUM_DIG": [
                10,
                5,
                7,
                8
            ],
            "GENE_TIME": "Wed Jan  5 18:45:34 2022"
        },
        "Note": [
            2,
            1,
            0
        ],
        "INPUT": {
            "Floor": "brown.jpg",
            "Ceiling": "chess_pattern_orig.jpg",
            "Path Length": "2"
        }
    },
    "2022-01-05-19_19_40 test0105719": {
        "c5bnbecr": {
            "ELEMENT_DECODE_INDEX": [
                "c5",
                "bn",
                "be",
                "cr"
            ],
            "ELEMENT_NAME_IMG": [
                "chess_pattern_5x5.jpg",
                "brown.jpg",
                "blue.jpg",
                "chess_pattern_5x5_sparser.jpg"
            ],
            "ELEMENT_NUM_DIG": [
                3,
                2,
                1,
                4
            ],
            "GENE_TIME": "Wed Jan  5 19:18:39 2022"
        },
        "c5d5cxgn": {
            "ELEMENT_DECODE_INDEX": [
                "c5",
                "d5",
                "cx",
                "gn"
            ],
            "ELEMENT_NAME_IMG": [
                "chess_pattern_5x5.jpg",
                "dot_pattern_5x5.jpg",
                "cube_pattern_5x5.jpg",
                "green.jpg"
            ],
            "ELEMENT_NUM_DIG": [
                3,
                7,
                6,
                8
            ],
            "GENE_TIME": "Wed Jan  5 19:19:11 2022"
        },
        "Note": [
            1,
            2,
            0
        ],
        "INPUT": {
            "Floor": "blue.jpg",
            "Ceiling": "cube_pattern_5x5.jpg",
            "Path Length": ""
        }
    },
    "2022-01-05-19_22_32 sd": {
        "c5crbnbe": {
            "ELEMENT_DECODE_INDEX": [
                "c5",
                "cr",
                "bn",
                "be"
            ],
            "ELEMENT_NAME_IMG": [
                "chess_pattern_5x5.jpg",
                "chess_pattern_5x5_sparser.jpg",
                "brown.jpg",
                "blue.jpg"
            ],
            "ELEMENT_NUM_DIG": [
                3,
                4,
                2,
                1
            ],
            "GENE_TIME": "Wed Jan  5 19:22:24 2022"
        },
        "crcrcrcr": {
            "ELEMENT_DECODE_INDEX": [
                "cr",
                "cr",
                "cr",
                "cr"
            ],
            "ELEMENT_NAME_IMG": [
                "chess_pattern_5x5_sparser.jpg",
                "chess_pattern_5x5_sparser.jpg",
                "chess_pattern_5x5_sparser.jpg",
                "chess_pattern_5x5_sparser.jpg"
            ],
            "ELEMENT_NUM_DIG": [
                4,
                4,
                4,
                4
            ],
            "GENE_TIME": "Wed Jan  5 19:22:30 2022"
        },
        "Note": [
            2,
            0,
            1
        ],
        "INPUT": {
            "Floor": "brown.jpg",
            "Ceiling": "blue.jpg",
            "Path Length": "4"
        }
    },
    "2022-01-05-19_23_36 sdsd": {
        "c5d5cxgn": {
            "ELEMENT_DECODE_INDEX": [
                "c5",
                "d5",
                "cx",
                "gn"
            ],
            "ELEMENT_NAME_IMG": [
                "chess_pattern_5x5.jpg",
                "dot_pattern_5x5.jpg",
                "cube_pattern_5x5.jpg",
                "green.jpg"
            ],
            "ELEMENT_NUM_DIG": [
                3,
                7,
                6,
                8
            ],
            "GENE_TIME": "Wed Jan  5 19:23:06 2022"
        },
        "crcrcrcr": {
            "ELEMENT_DECODE_INDEX": [
                "cr",
                "cr",
                "cr",
                "cr"
            ],
            "ELEMENT_NAME_IMG": [
                "chess_pattern_5x5_sparser.jpg",
                "chess_pattern_5x5_sparser.jpg",
                "chess_pattern_5x5_sparser.jpg",
                "chess_pattern_5x5_sparser.jpg"
            ],
            "ELEMENT_NUM_DIG": [
                4,
                4,
                4,
                4
            ],
            "GENE_TIME": "Wed Jan  5 19:23:11 2022"
        },
        "rdcgd5gn": {
            "ELEMENT_DECODE_INDEX": [
                "rd",
                "cg",
                "d5",
                "gn"
            ],
            "ELEMENT_NAME_IMG": [
                "red.jpg",
                "chess_pattern_orig.jpg",
                "dot_pattern_5x5.jpg",
                "green.jpg"
            ],
            "ELEMENT_NUM_DIG": [
                10,
                5,
                7,
                8
            ],
            "GENE_TIME": "Wed Jan  5 19:23:14 2022"
        },
        "Note": [
            1,
            1,
            1
        ],
        "INPUT": {
            "Floor": "blue.jpg",
            "Ceiling": "brown.jpg",
            "Path Length": ""
        }
    },
    "2022-01-05-19_26_08 dsd": {
        "crcrcrcr": {
            "ELEMENT_DECODE_INDEX": [
                "cr",
                "cr",
                "cr",
                "cr"
            ],
            "ELEMENT_NAME_IMG": [
                "chess_pattern_5x5_sparser.jpg",
                "chess_pattern_5x5_sparser.jpg",
                "chess_pattern_5x5_sparser.jpg",
                "chess_pattern_5x5_sparser.jpg"
            ],
            "ELEMENT_NUM_DIG": [
                4,
                4,
                4,
                4
            ],
            "GENE_TIME": "Wed Jan  5 19:26:01 2022"
        },
        "Note": [
            3,
            0,
            0
        ],
        "INPUT": {
            "Floor": "blue.jpg",
            "Ceiling": "chess_pattern_5x5.jpg",
            "Path Length": "2"
        }
    },
    "2022-01-05-19_26_47 sd": {
        "rdcgd5gn": {
            "ELEMENT_DECODE_INDEX": [
                "rd",
                "cg",
                "d5",
                "gn"
            ],
            "ELEMENT_NAME_IMG": [
                "red.jpg",
                "chess_pattern_orig.jpg",
                "dot_pattern_5x5.jpg",
                "green.jpg"
            ],
            "ELEMENT_NUM_DIG": [
                10,
                5,
                7,
                8
            ],
            "GENE_TIME": "Wed Jan  5 19:26:42 2022"
        },
        "Note": [
            3,
            0,
            0
        ],
        "INPUT": {
            "Floor": "brown.jpg",
            "Ceiling": "chess_pattern_orig.jpg",
            "Path Length": "2"
        }
    },
    "2022-01-05-19_27_59 sdds": {
        "rdcgd5gn": {
            "ELEMENT_DECODE_INDEX": [
                "rd",
                "cg",
                "d5",
                "gn"
            ],
            "ELEMENT_NAME_IMG": [
                "red.jpg",
                "chess_pattern_orig.jpg",
                "dot_pattern_5x5.jpg",
                "green.jpg"
            ],
            "ELEMENT_NUM_DIG": [
                10,
                5,
                7,
                8
            ],
            "GENE_TIME": "Wed Jan  5 19:27:49 2022"
        },
        "Note": [
            3,
            0,
            0
        ],
        "INPUT": {
            "Floor": "blue.jpg",
            "Ceiling": "blue.jpg",
            "Path Length": "4"
        }
    },
    "2022-01-05-19_29_58 dssd": {
        "crcrcrcr": {
            "ELEMENT_DECODE_INDEX": [
                "cr",
                "cr",
                "cr",
                "cr"
            ],
            "ELEMENT_NAME_IMG": [
                "chess_pattern_5x5_sparser.jpg",
                "chess_pattern_5x5_sparser.jpg",
                "chess_pattern_5x5_sparser.jpg",
                "chess_pattern_5x5_sparser.jpg"
            ],
            "ELEMENT_NUM_DIG": [
                4,
                4,
                4,
                4
            ],
            "GENE_TIME": "Wed Jan  5 19:29:50 2022"
        },
        "Note": [
            3,
            0,
            0
        ],
        "INPUT": {
            "Floor": "chess_pattern_5x5_sparser.jpg",
            "Ceiling": "blue.jpg",
            "Path Length": "4"
        }
    },
    "2022-01-05-19_32_38 sd": {
        "c5bnbecr": {
            "ELEMENT_DECODE_INDEX": [
                "c5",
                "bn",
                "be",
                "cr"
            ],
            "ELEMENT_NAME_IMG": [
                "chess_pattern_5x5.jpg",
                "brown.jpg",
                "blue.jpg",
                "chess_pattern_5x5_sparser.jpg"
            ],
            "ELEMENT_NUM_DIG": [
                3,
                2,
                1,
                4
            ],
            "GENE_TIME": "Wed Jan  5 19:32:31 2022"
        },
        "Note": [
            3,
            0,
            0
        ],
        "INPUT": {
            "Floor": "chess_pattern_5x5.jpg",
            "Ceiling": "black.jpg",
            "Path Length": "4"
        }
    },
    "2022-01-05-19_35_51 sdsd": {
        "c5d5cxgn": {
            "ELEMENT_DECODE_INDEX": [
                "c5",
                "d5",
                "cx",
                "gn"
            ],
            "ELEMENT_NAME_IMG": [
                "chess_pattern_5x5.jpg",
                "dot_pattern_5x5.jpg",
                "cube_pattern_5x5.jpg",
                "green.jpg"
            ],
            "ELEMENT_NUM_DIG": [
                3,
                7,
                6,
                8
            ],
            "GENE_TIME": "Wed Jan  5 19:35:46 2022"
        },
        "Note": [
            3,
            0,
            0
        ],
        "INPUT": {
            "Floor": "brown.jpg",
            "Ceiling": "blue.jpg",
            "Path Length": "2"
        }
    }
}