{
    "format": {
        "element_decode": [
            "index1",
            "index2",
            "index3",
            "index4"
        ],
        "element_name": [
            "IMG1",
            "IMG2",
            "IMG3",
            "IMG4"
        ],
        "element_num": [
            "NUM1",
            "NUM2",
            "NUM3",
            "NUM4"
        ],
        "GENE_TIME": "Wed Jan 31 09:49:09 2018"
    },
    "crcrcrcr": {
        "ELEMENT_DECODE_INDEX": [
            "cr",
            "cr",
            "cr",
            "cr"
        ],
        "ELEMENT_NAME_IMG": [
            "chess_pattern_5x5_sparser.jpg",
            "chess_pattern_5x5_sparser.jpg",
            "chess_pattern_5x5_sparser.jpg",
            "chess_pattern_5x5_sparser.jpg"
        ],
        "ELEMENT_NUM_DIG": [
            4,
            4,
            4,
            4
        ],
        "GENE_TIME": "Wed Jan 12 00:16:36 2022"
    },
    "bnbnbnbn": {
        "ELEMENT_DECODE_INDEX": [
            "bn",
            "bn",
            "bn",
            "bn"
        ],
        "ELEMENT_NAME_IMG": [
            "brown.jpg",
            "brown.jpg",
            "brown.jpg",
            "brown.jpg"
        ],
        "ELEMENT_NUM_DIG": [
            2,
            2,
            2,
            2
        ],
        "GENE_TIME": "Wed Jan 12 00:16:43 2022"
    },
    "bnbnbnrd": {
        "ELEMENT_DECODE_INDEX": [
            "bn",
            "bn",
            "bn",
            "rd"
        ],
        "ELEMENT_NAME_IMG": [
            "brown.jpg",
            "brown.jpg",
            "brown.jpg",
            "red.jpg"
        ],
        "ELEMENT_NUM_DIG": [
            2,
            2,
            2,
            10
        ],
        "GENE_TIME": "Wed Jan 12 00:17:00 2022"
    }
}