{
    "PATH Tue Nov 23 13:30:13 2021": {
        "PATTERN1": {
            "element_decode": [
                "index1",
                "index2",
                "index3",
                "index4"
            ],
            "element_name": [
                "IMG1",
                "IMG2",
                "IMG3",
                "IMG4"
            ],
            "element_num": [
                "NUM1",
                "NUM2",
                "NUM3",
                "NUM4"
            ]
        },
        "PATTERN2": {
            "element_decode": [
                "index1",
                "index2",
                "index3",
                "index4"
            ],
            "element_name": [
                "IMG1",
                "IMG2",
                "IMG3",
                "IMG4"
            ],
            "element_num": [
                "NUM1",
                "NUM2",
                "NUM3",
                "NUM4"
            ]
        },
        "PATTERN3": {
            "element_decode": [
                "index1",
                "index2",
                "index3",
                "index4"
            ],
            "element_name": [
                "IMG1",
                "IMG2",
                "IMG3",
                "IMG4"
            ],
            "element_num": [
                "NUM1",
                "NUM2",
                "NUM3",
                "NUM4"
            ]
        },
        "Note": {},
        "INPUT": {
            "Floor": "IMG",
            "Ceiling": "IMG",
            "Path Length": "digit"
        }
    },
    "2022-01-08-18_18_40 sdsd": {
        "cgcgcgcg": {
            "ELEMENT_DECODE_INDEX": [
                "cg",
                "cg",
                "cg",
                "cg"
            ],
            "ELEMENT_NAME_IMG": [
                "chess_pattern_orig.jpg",
                "chess_pattern_orig.jpg",
                "chess_pattern_orig.jpg",
                "chess_pattern_orig.jpg"
            ],
            "ELEMENT_NUM_DIG": [
                1,
                1,
                1,
                1
            ],
            "GENE_TIME": "Sat Jan  8 18:17:54 2022"
        },
        "cgcgcgc5": {
            "ELEMENT_DECODE_INDEX": [
                "cg",
                "cg",
                "cg",
                "c5"
            ],
            "ELEMENT_NAME_IMG": [
                "chess_pattern_orig.jpg",
                "chess_pattern_orig.jpg",
                "chess_pattern_orig.jpg",
                "chess_pattern_5x5.jpg"
            ],
            "ELEMENT_NUM_DIG": [
                1,
                1,
                1,
                2
            ],
            "GENE_TIME": "Sat Jan  8 18:18:02 2022"
        },
        "cgcgcgbe": {
            "ELEMENT_DECODE_INDEX": [
                "cg",
                "cg",
                "cg",
                "be"
            ],
            "ELEMENT_NAME_IMG": [
                "chess_pattern_orig.jpg",
                "chess_pattern_orig.jpg",
                "chess_pattern_orig.jpg",
                "blue.jpg"
            ],
            "ELEMENT_NUM_DIG": [
                1,
                1,
                1,
                9
            ],
            "GENE_TIME": "Sat Jan  8 18:18:21 2022"
        },
        "Note": [
            1,
            1,
            1
        ],
        "INPUT": {
            "Floor": "chess_pattern_5x5.jpg",
            "Ceiling": "black.jpg",
            "Path Length": "2"
        }
    },
    "2022-01-08-19_58_13 test111": {
        "cgcgcgpe": {
            "ELEMENT_DECODE_INDEX": [
                "cg",
                "cg",
                "cg",
                "pe"
            ],
            "ELEMENT_NAME_IMG": [
                "chess_pattern_orig.jpg",
                "chess_pattern_orig.jpg",
                "chess_pattern_orig.jpg",
                "purple.jpg"
            ],
            "ELEMENT_NUM_DIG": [
                1,
                1,
                1,
                4
            ],
            "GENE_TIME": "Sat Jan  8 19:57:42 2022"
        },
        "cgcgcgbe": {
            "ELEMENT_DECODE_INDEX": [
                "cg",
                "cg",
                "cg",
                "be"
            ],
            "ELEMENT_NAME_IMG": [
                "chess_pattern_orig.jpg",
                "chess_pattern_orig.jpg",
                "chess_pattern_orig.jpg",
                "blue.jpg"
            ],
            "ELEMENT_NUM_DIG": [
                1,
                1,
                1,
                9
            ],
            "GENE_TIME": "Sat Jan  8 19:57:48 2022"
        },
        "cgcgcgc5": {
            "ELEMENT_DECODE_INDEX": [
                "cg",
                "cg",
                "cg",
                "c5"
            ],
            "ELEMENT_NAME_IMG": [
                "chess_pattern_orig.jpg",
                "chess_pattern_orig.jpg",
                "chess_pattern_orig.jpg",
                "chess_pattern_5x5.jpg"
            ],
            "ELEMENT_NUM_DIG": [
                1,
                1,
                1,
                2
            ],
            "GENE_TIME": "Sat Jan  8 19:57:54 2022"
        },
        "Note": [
            1,
            1,
            1
        ],
        "INPUT": {
            "Floor": "red.jpg",
            "Ceiling": "white.jpg",
            "Path Length": "2"
        }
    },
    "2022-01-08-19_58_43 test111": {
        "cgcgcgpe": {
            "ELEMENT_DECODE_INDEX": [
                "cg",
                "cg",
                "cg",
                "pe"
            ],
            "ELEMENT_NAME_IMG": [
                "chess_pattern_orig.jpg",
                "chess_pattern_orig.jpg",
                "chess_pattern_orig.jpg",
                "purple.jpg"
            ],
            "ELEMENT_NUM_DIG": [
                1,
                1,
                1,
                4
            ],
            "GENE_TIME": "Sat Jan  8 19:57:42 2022"
        },
        "cgcgcgbe": {
            "ELEMENT_DECODE_INDEX": [
                "cg",
                "cg",
                "cg",
                "be"
            ],
            "ELEMENT_NAME_IMG": [
                "chess_pattern_orig.jpg",
                "chess_pattern_orig.jpg",
                "chess_pattern_orig.jpg",
                "blue.jpg"
            ],
            "ELEMENT_NUM_DIG": [
                1,
                1,
                1,
                9
            ],
            "GENE_TIME": "Sat Jan  8 19:57:48 2022"
        },
        "cgcgcgc5": {
            "ELEMENT_DECODE_INDEX": [
                "cg",
                "cg",
                "cg",
                "c5"
            ],
            "ELEMENT_NAME_IMG": [
                "chess_pattern_orig.jpg",
                "chess_pattern_orig.jpg",
                "chess_pattern_orig.jpg",
                "chess_pattern_5x5.jpg"
            ],
            "ELEMENT_NUM_DIG": [
                1,
                1,
                1,
                2
            ],
            "GENE_TIME": "Sat Jan  8 19:57:54 2022"
        },
        "Note": [
            1,
            1,
            1
        ],
        "INPUT": {
            "Floor": "red.jpg",
            "Ceiling": "white.jpg",
            "Path Length": "2"
        }
    },
    "2022-01-12-12_26_38 test112": {
        "d5cxgnbe": {
            "ELEMENT_DECODE_INDEX": [
                "d5",
                "cx",
                "gn",
                "be"
            ],
            "ELEMENT_NAME_IMG": [
                "dot_pattern_5x5.jpg",
                "cube_pattern_5x5.jpg",
                "green.jpg",
                "blue.jpg"
            ],
            "ELEMENT_NUM_DIG": [
                12,
                11,
                10,
                9
            ],
            "GENE_TIME": "Wed Jan 12 12:25:36 2022"
        },
        "d5cxbed5": {
            "ELEMENT_DECODE_INDEX": [
                "d5",
                "cx",
                "be",
                "d5"
            ],
            "ELEMENT_NAME_IMG": [
                "dot_pattern_5x5.jpg",
                "cube_pattern_5x5.jpg",
                "blue.jpg",
                "dot_pattern_5x5.jpg"
            ],
            "ELEMENT_NUM_DIG": [
                12,
                11,
                9,
                12
            ],
            "GENE_TIME": "Wed Jan 12 12:25:52 2022"
        },
        "cxgnbecg": {
            "ELEMENT_DECODE_INDEX": [
                "cx",
                "gn",
                "be",
                "cg"
            ],
            "ELEMENT_NAME_IMG": [
                "cube_pattern_5x5.jpg",
                "green.jpg",
                "blue.jpg",
                "chess_pattern_orig.jpg"
            ],
            "ELEMENT_NUM_DIG": [
                11,
                10,
                9,
                1
            ],
            "GENE_TIME": "Wed Jan 12 12:26:06 2022"
        },
        "Note": [
            1,
            1,
            1
        ],
        "INPUT": {
            "Floor": "dot_pattern_5x5.jpg",
            "Ceiling": "chess_pattern_5x5_sparser.jpg",
            "Path Length": "12"
        }
    },
    "2022-01-12-12_27_25 test112": {
        "d5cxgnbe": {
            "ELEMENT_DECODE_INDEX": [
                "d5",
                "cx",
                "gn",
                "be"
            ],
            "ELEMENT_NAME_IMG": [
                "dot_pattern_5x5.jpg",
                "cube_pattern_5x5.jpg",
                "green.jpg",
                "blue.jpg"
            ],
            "ELEMENT_NUM_DIG": [
                12,
                11,
                10,
                9
            ],
            "GENE_TIME": "Wed Jan 12 12:25:36 2022"
        },
        "d5cxbed5": {
            "ELEMENT_DECODE_INDEX": [
                "d5",
                "cx",
                "be",
                "d5"
            ],
            "ELEMENT_NAME_IMG": [
                "dot_pattern_5x5.jpg",
                "cube_pattern_5x5.jpg",
                "blue.jpg",
                "dot_pattern_5x5.jpg"
            ],
            "ELEMENT_NUM_DIG": [
                12,
                11,
                9,
                12
            ],
            "GENE_TIME": "Wed Jan 12 12:25:52 2022"
        },
        "cxgnbecg": {
            "ELEMENT_DECODE_INDEX": [
                "cx",
                "gn",
                "be",
                "cg"
            ],
            "ELEMENT_NAME_IMG": [
                "cube_pattern_5x5.jpg",
                "green.jpg",
                "blue.jpg",
                "chess_pattern_orig.jpg"
            ],
            "ELEMENT_NUM_DIG": [
                11,
                10,
                9,
                1
            ],
            "GENE_TIME": "Wed Jan 12 12:26:06 2022"
        },
        "Note": [
            1,
            1,
            1
        ],
        "INPUT": {
            "Floor": "dot_pattern_5x5.jpg",
            "Ceiling": "chess_pattern_5x5_sparser.jpg",
            "Path Length": ""
        }
    },
    "2022-01-12-12_27_43 test112": {
        "d5cxgnbe": {
            "ELEMENT_DECODE_INDEX": [
                "d5",
                "cx",
                "gn",
                "be"
            ],
            "ELEMENT_NAME_IMG": [
                "dot_pattern_5x5.jpg",
                "cube_pattern_5x5.jpg",
                "green.jpg",
                "blue.jpg"
            ],
            "ELEMENT_NUM_DIG": [
                12,
                11,
                10,
                9
            ],
            "GENE_TIME": "Wed Jan 12 12:25:36 2022"
        },
        "d5cxbed5": {
            "ELEMENT_DECODE_INDEX": [
                "d5",
                "cx",
                "be",
                "d5"
            ],
            "ELEMENT_NAME_IMG": [
                "dot_pattern_5x5.jpg",
                "cube_pattern_5x5.jpg",
                "blue.jpg",
                "dot_pattern_5x5.jpg"
            ],
            "ELEMENT_NUM_DIG": [
                12,
                11,
                9,
                12
            ],
            "GENE_TIME": "Wed Jan 12 12:25:52 2022"
        },
        "cxgnbecg": {
            "ELEMENT_DECODE_INDEX": [
                "cx",
                "gn",
                "be",
                "cg"
            ],
            "ELEMENT_NAME_IMG": [
                "cube_pattern_5x5.jpg",
                "green.jpg",
                "blue.jpg",
                "chess_pattern_orig.jpg"
            ],
            "ELEMENT_NUM_DIG": [
                11,
                10,
                9,
                1
            ],
            "GENE_TIME": "Wed Jan 12 12:26:06 2022"
        },
        "Note": [
            1,
            1,
            1
        ],
        "INPUT": {
            "Floor": "dot_pattern_5x5.jpg",
            "Ceiling": "chess_pattern_5x5_sparser.jpg",
            "Path Length": ""
        }
    },
    "2022-01-12-12_29_02 trse112": {
        "cgcgcgc5": {
            "ELEMENT_DECODE_INDEX": [
                "cg",
                "cg",
                "cg",
                "c5"
            ],
            "ELEMENT_NAME_IMG": [
                "chess_pattern_orig.jpg",
                "chess_pattern_orig.jpg",
                "chess_pattern_orig.jpg",
                "chess_pattern_5x5.jpg"
            ],
            "ELEMENT_NUM_DIG": [
                1,
                1,
                1,
                2
            ],
            "GENE_TIME": "Wed Jan 12 12:28:42 2022"
        },
        "d5cxbed5": {
            "ELEMENT_DECODE_INDEX": [
                "d5",
                "cx",
                "be",
                "d5"
            ],
            "ELEMENT_NAME_IMG": [
                "dot_pattern_5x5.jpg",
                "cube_pattern_5x5.jpg",
                "blue.jpg",
                "dot_pattern_5x5.jpg"
            ],
            "ELEMENT_NUM_DIG": [
                12,
                11,
                9,
                12
            ],
            "GENE_TIME": "Wed Jan 12 12:28:48 2022"
        },
        "cxgnbecg": {
            "ELEMENT_DECODE_INDEX": [
                "cx",
                "gn",
                "be",
                "cg"
            ],
            "ELEMENT_NAME_IMG": [
                "cube_pattern_5x5.jpg",
                "green.jpg",
                "blue.jpg",
                "chess_pattern_orig.jpg"
            ],
            "ELEMENT_NUM_DIG": [
                11,
                10,
                9,
                1
            ],
            "GENE_TIME": "Wed Jan 12 12:28:59 2022"
        },
        "Note": [
            1,
            1,
            1
        ],
        "INPUT": {
            "Floor": "chess_pattern_5x5_sparser.jpg",
            "Ceiling": "chess_pattern_orig.jpg",
            "Path Length": "10"
        }
    },
    "2022-01-12-12_29_21 trse112": {
        "cgcgcgc5": {
            "ELEMENT_DECODE_INDEX": [
                "cg",
                "cg",
                "cg",
                "c5"
            ],
            "ELEMENT_NAME_IMG": [
                "chess_pattern_orig.jpg",
                "chess_pattern_orig.jpg",
                "chess_pattern_orig.jpg",
                "chess_pattern_5x5.jpg"
            ],
            "ELEMENT_NUM_DIG": [
                1,
                1,
                1,
                2
            ],
            "GENE_TIME": "Wed Jan 12 12:28:42 2022"
        },
        "d5cxbed5": {
            "ELEMENT_DECODE_INDEX": [
                "d5",
                "cx",
                "be",
                "d5"
            ],
            "ELEMENT_NAME_IMG": [
                "dot_pattern_5x5.jpg",
                "cube_pattern_5x5.jpg",
                "blue.jpg",
                "dot_pattern_5x5.jpg"
            ],
            "ELEMENT_NUM_DIG": [
                12,
                11,
                9,
                12
            ],
            "GENE_TIME": "Wed Jan 12 12:28:48 2022"
        },
        "cxgnbecg": {
            "ELEMENT_DECODE_INDEX": [
                "cx",
                "gn",
                "be",
                "cg"
            ],
            "ELEMENT_NAME_IMG": [
                "cube_pattern_5x5.jpg",
                "green.jpg",
                "blue.jpg",
                "chess_pattern_orig.jpg"
            ],
            "ELEMENT_NUM_DIG": [
                11,
                10,
                9,
                1
            ],
            "GENE_TIME": "Wed Jan 12 12:28:59 2022"
        },
        "Note": [
            1,
            1,
            1
        ],
        "INPUT": {
            "Floor": "chess_pattern_5x5_sparser.jpg",
            "Ceiling": "chess_pattern_orig.jpg",
            "Path Length": "11"
        }
    },
    "2022-01-12-15_05_29 testWired0112": {
        "cgcgcgc5": {
            "ELEMENT_DECODE_INDEX": [
                "cg",
                "cg",
                "cg",
                "c5"
            ],
            "ELEMENT_NAME_IMG": [
                "chess_pattern_orig.jpg",
                "chess_pattern_orig.jpg",
                "chess_pattern_orig.jpg",
                "chess_pattern_5x5.jpg"
            ],
            "ELEMENT_NUM_DIG": [
                1,
                1,
                1,
                2
            ],
            "GENE_TIME": "Wed Jan 12 15:04:35 2022"
        },
        "d5cxberd": {
            "ELEMENT_DECODE_INDEX": [
                "d5",
                "cx",
                "be",
                "rd"
            ],
            "ELEMENT_NAME_IMG": [
                "dot_pattern_5x5.jpg",
                "cube_pattern_5x5.jpg",
                "blue.jpg",
                "red.jpg"
            ],
            "ELEMENT_NUM_DIG": [
                12,
                11,
                9,
                6
            ],
            "GENE_TIME": "Wed Jan 12 15:04:47 2022"
        },
        "d5berdcx": {
            "ELEMENT_DECODE_INDEX": [
                "d5",
                "be",
                "rd",
                "cx"
            ],
            "ELEMENT_NAME_IMG": [
                "dot_pattern_5x5.jpg",
                "blue.jpg",
                "red.jpg",
                "cube_pattern_5x5.jpg"
            ],
            "ELEMENT_NUM_DIG": [
                12,
                9,
                6,
                11
            ],
            "GENE_TIME": "Wed Jan 12 15:05:08 2022"
        },
        "Note": [
            1,
            1,
            1
        ],
        "INPUT": {
            "Floor": "purple.jpg",
            "Ceiling": "black.jpg",
            "Path Length": "4"
        }
    },
    "2022-01-12-15_05_55 testWired0112": {
        "cgcgcgc5": {
            "ELEMENT_DECODE_INDEX": [
                "cg",
                "cg",
                "cg",
                "c5"
            ],
            "ELEMENT_NAME_IMG": [
                "chess_pattern_orig.jpg",
                "chess_pattern_orig.jpg",
                "chess_pattern_orig.jpg",
                "chess_pattern_5x5.jpg"
            ],
            "ELEMENT_NUM_DIG": [
                1,
                1,
                1,
                2
            ],
            "GENE_TIME": "Wed Jan 12 15:04:35 2022"
        },
        "d5cxberd": {
            "ELEMENT_DECODE_INDEX": [
                "d5",
                "cx",
                "be",
                "rd"
            ],
            "ELEMENT_NAME_IMG": [
                "dot_pattern_5x5.jpg",
                "cube_pattern_5x5.jpg",
                "blue.jpg",
                "red.jpg"
            ],
            "ELEMENT_NUM_DIG": [
                12,
                11,
                9,
                6
            ],
            "GENE_TIME": "Wed Jan 12 15:04:47 2022"
        },
        "d5berdcx": {
            "ELEMENT_DECODE_INDEX": [
                "d5",
                "be",
                "rd",
                "cx"
            ],
            "ELEMENT_NAME_IMG": [
                "dot_pattern_5x5.jpg",
                "blue.jpg",
                "red.jpg",
                "cube_pattern_5x5.jpg"
            ],
            "ELEMENT_NUM_DIG": [
                12,
                9,
                6,
                11
            ],
            "GENE_TIME": "Wed Jan 12 15:05:08 2022"
        },
        "Note": [
            1,
            1,
            1
        ],
        "INPUT": {
            "Floor": "purple.jpg",
            "Ceiling": "black.jpg",
            "Path Length": "4"
        }
    },
    "2022-01-12-15_08_50 testWired0112": {
        "cgcgcgc5": {
            "ELEMENT_DECODE_INDEX": [
                "cg",
                "cg",
                "cg",
                "c5"
            ],
            "ELEMENT_NAME_IMG": [
                "chess_pattern_orig.jpg",
                "chess_pattern_orig.jpg",
                "chess_pattern_orig.jpg",
                "chess_pattern_5x5.jpg"
            ],
            "ELEMENT_NUM_DIG": [
                1,
                1,
                1,
                2
            ],
            "GENE_TIME": "Wed Jan 12 15:04:35 2022"
        },
        "d5cxberd": {
            "ELEMENT_DECODE_INDEX": [
                "d5",
                "cx",
                "be",
                "rd"
            ],
            "ELEMENT_NAME_IMG": [
                "dot_pattern_5x5.jpg",
                "cube_pattern_5x5.jpg",
                "blue.jpg",
                "red.jpg"
            ],
            "ELEMENT_NUM_DIG": [
                12,
                11,
                9,
                6
            ],
            "GENE_TIME": "Wed Jan 12 15:04:47 2022"
        },
        "d5berdcx": {
            "ELEMENT_DECODE_INDEX": [
                "d5",
                "be",
                "rd",
                "cx"
            ],
            "ELEMENT_NAME_IMG": [
                "dot_pattern_5x5.jpg",
                "blue.jpg",
                "red.jpg",
                "cube_pattern_5x5.jpg"
            ],
            "ELEMENT_NUM_DIG": [
                12,
                9,
                6,
                11
            ],
            "GENE_TIME": "Wed Jan 12 15:05:08 2022"
        },
        "Note": [
            1,
            1,
            1
        ],
        "INPUT": {
            "Floor": "purple.jpg",
            "Ceiling": "black.jpg",
            "Path Length": "8"
        }
    }
}