{
    "format": {
        "element_decode": [
            "index1",
            "index2",
            "index3",
            "index4"
        ],
        "element_name": [
            "IMG1",
            "IMG2",
            "IMG3",
            "IMG4"
        ],
        "element_num": [
            "NUM1",
            "NUM2",
            "NUM3",
            "NUM4"
        ],
        "GENE_TIME": "Wed Jan 31 09:49:09 2018"
    },
    "pepepepe": {
        "ELEMENT_DECODE_INDEX": [
            "pe",
            "pe",
            "pe",
            "pe"
        ],
        "ELEMENT_NAME_IMG": [
            "purple.jpg",
            "purple.jpg",
            "purple.jpg",
            "purple.jpg"
        ],
        "ELEMENT_NUM_DIG": [
            4,
            4,
            4,
            4
        ],
        "GENE_TIME": "Fri Jan 14 18:30:54 2022"
    },
    "pecrc5bk": {
        "ELEMENT_DECODE_INDEX": [
            "pe",
            "cr",
            "c5",
            "bk"
        ],
        "ELEMENT_NAME_IMG": [
            "purple.jpg",
            "chess_pattern_5x5_sparser.jpg",
            "chess_pattern_5x5.jpg",
            "black.jpg"
        ],
        "ELEMENT_NUM_DIG": [
            4,
            3,
            2,
            0
        ],
        "GENE_TIME": "Thu Jan 13 15:39:07 2022"
    },
    "beywbnd5": {
        "ELEMENT_DECODE_INDEX": [
            "be",
            "yw",
            "bn",
            "d5"
        ],
        "ELEMENT_NAME_IMG": [
            "blue.jpg",
            "yellow.jpg",
            "brown.jpg",
            "dot_pattern_5x5.jpg"
        ],
        "ELEMENT_NUM_DIG": [
            9,
            8,
            7,
            12
        ],
        "GENE_TIME": "Fri Jan 14 18:24:08 2022"
    }
}