{
    "format": {
        "element_decode": [
            "index1",
            "index2",
            "index3",
            "index4"
        ],
        "element_name": [
            "IMG1",
            "IMG2",
            "IMG3",
            "IMG4"
        ],
        "element_num": [
            "NUM1",
            "NUM2",
            "NUM3",
            "NUM4"
        ],
        "GENE_TIME": "Wed Jan 31 09:49:09 2018"
    },
    "crcrcrcr": {
        "ELEMENT_DECODE_INDEX": [
            "cr",
            "cr",
            "cr",
            "cr"
        ],
        "ELEMENT_NAME_IMG": [
            "chess_pattern_5x5_sparser.jpg",
            "chess_pattern_5x5_sparser.jpg",
            "chess_pattern_5x5_sparser.jpg",
            "chess_pattern_5x5_sparser.jpg"
        ],
        "ELEMENT_NUM_DIG": [
            4,
            4,
            4,
            4
        ],
        "GENE_TIME": "Sun Dec 12 16:44:32 2021"
    }
}