{
    "PATH Tue Nov 23 13:30:13 2021": {
        "PATTERN1": {
            "element_decode": [
                "index1",
                "index2",
                "index3",
                "index4"
            ],
            "element_name": [
                "IMG1",
                "IMG2",
                "IMG3",
                "IMG4"
            ],
            "element_num": [
                "NUM1",
                "NUM2",
                "NUM3",
                "NUM4"
            ]
        },
        "PATTERN2": {
            "element_decode": [
                "index1",
                "index2",
                "index3",
                "index4"
            ],
            "element_name": [
                "IMG1",
                "IMG2",
                "IMG3",
                "IMG4"
            ],
            "element_num": [
                "NUM1",
                "NUM2",
                "NUM3",
                "NUM4"
            ]
        },
        "PATTERN3": {
            "element_decode": [
                "index1",
                "index2",
                "index3",
                "index4"
            ],
            "element_name": [
                "IMG1",
                "IMG2",
                "IMG3",
                "IMG4"
            ],
            "element_num": [
                "NUM1",
                "NUM2",
                "NUM3",
                "NUM4"
            ]
        },
        "Note": {},
        "INPUT": {
            "Floor": "IMG",
            "Ceiling": "IMG",
            "Path Length": "digit"
        }
    },
    "2022-01-06-01_16_57 sdsd": {
        "rdywwepe": {
            "ELEMENT_DECODE_INDEX": [
                "rd",
                "yw",
                "we",
                "pe"
            ],
            "ELEMENT_NAME_IMG": [
                "red.jpg",
                "yellow.jpg",
                "white.jpg",
                "purple.jpg"
            ],
            "ELEMENT_NUM_DIG": [
                10,
                12,
                11,
                9
            ],
            "GENE_TIME": "Thu Jan  6 01:16:52 2022"
        },
        "Note": [
            3,
            0,
            0
        ],
        "INPUT": {
            "Floor": "brown.jpg",
            "Ceiling": "brown.jpg",
            "Path Length": "2"
        }
    },
    "2022-01-06-01_17_10 sdsd": {
        "rdywwepe": {
            "ELEMENT_DECODE_INDEX": [
                "rd",
                "yw",
                "we",
                "pe"
            ],
            "ELEMENT_NAME_IMG": [
                "red.jpg",
                "yellow.jpg",
                "white.jpg",
                "purple.jpg"
            ],
            "ELEMENT_NUM_DIG": [
                10,
                12,
                11,
                9
            ],
            "GENE_TIME": "Thu Jan  6 01:16:52 2022"
        },
        "Note": [
            3,
            0,
            0
        ],
        "INPUT": {
            "Floor": "brown.jpg",
            "Ceiling": "brown.jpg",
            "Path Length": "4"
        }
    }
}