{
    "PATH Tue Nov 23 13:30:13 2021": {
        "PATTERN1": {
            "element_decode": [
                "index1",
                "index2",
                "index3",
                "index4"
            ],
            "element_name": [
                "IMG1",
                "IMG2",
                "IMG3",
                "IMG4"
            ],
            "element_num": [
                "NUM1",
                "NUM2",
                "NUM3",
                "NUM4"
            ]
        },
        "PATTERN2": {
            "element_decode": [
                "index1",
                "index2",
                "index3",
                "index4"
            ],
            "element_name": [
                "IMG1",
                "IMG2",
                "IMG3",
                "IMG4"
            ],
            "element_num": [
                "NUM1",
                "NUM2",
                "NUM3",
                "NUM4"
            ]
        },
        "PATTERN3": {
            "element_decode": [
                "index1",
                "index2",
                "index3",
                "index4"
            ],
            "element_name": [
                "IMG1",
                "IMG2",
                "IMG3",
                "IMG4"
            ],
            "element_num": [
                "NUM1",
                "NUM2",
                "NUM3",
                "NUM4"
            ]
        },
        "Note": {},
        "INPUT": {
            "Floor": "IMG",
            "Ceiling": "IMG",
            "Path Length": "digit"
        }
    },
    "2022-01-13-15_32_23 wireless0113": {
        "pepepepe": {
            "ELEMENT_DECODE_INDEX": [
                "pe",
                "pe",
                "pe",
                "pe"
            ],
            "ELEMENT_NAME_IMG": [
                "purple.jpg",
                "purple.jpg",
                "purple.jpg",
                "purple.jpg"
            ],
            "ELEMENT_NUM_DIG": [
                4,
                4,
                4,
                4
            ],
            "GENE_TIME": "Thu Jan 13 15:31:49 2022"
        },
        "Note": [
            3,
            0,
            0
        ],
        "INPUT": {
            "Floor": "chess_pattern_5x5_sparser.jpg",
            "Ceiling": "black.jpg",
            "Path Length": "4"
        }
    },
    "2022-01-13-15_39_33 Wireless0113": {
        "pecrc5bk": {
            "ELEMENT_DECODE_INDEX": [
                "pe",
                "cr",
                "c5",
                "bk"
            ],
            "ELEMENT_NAME_IMG": [
                "purple.jpg",
                "chess_pattern_5x5_sparser.jpg",
                "chess_pattern_5x5.jpg",
                "black.jpg"
            ],
            "ELEMENT_NUM_DIG": [
                4,
                3,
                2,
                0
            ],
            "GENE_TIME": "Thu Jan 13 15:39:07 2022"
        },
        "beywbnd5": {
            "ELEMENT_DECODE_INDEX": [
                "be",
                "yw",
                "bn",
                "d5"
            ],
            "ELEMENT_NAME_IMG": [
                "blue.jpg",
                "yellow.jpg",
                "brown.jpg",
                "dot_pattern_5x5.jpg"
            ],
            "ELEMENT_NUM_DIG": [
                9,
                8,
                7,
                12
            ],
            "GENE_TIME": "Thu Jan 13 15:39:23 2022"
        },
        "Note": [
            1,
            2,
            0
        ],
        "INPUT": {
            "Floor": "white.jpg",
            "Ceiling": "black.jpg",
            "Path Length": "2"
        }
    },
    "2022-01-13-15_40_24 Wireless0113": {
        "pecrc5bk": {
            "ELEMENT_DECODE_INDEX": [
                "pe",
                "cr",
                "c5",
                "bk"
            ],
            "ELEMENT_NAME_IMG": [
                "purple.jpg",
                "chess_pattern_5x5_sparser.jpg",
                "chess_pattern_5x5.jpg",
                "black.jpg"
            ],
            "ELEMENT_NUM_DIG": [
                4,
                3,
                2,
                0
            ],
            "GENE_TIME": "Thu Jan 13 15:39:07 2022"
        },
        "beywbnd5": {
            "ELEMENT_DECODE_INDEX": [
                "be",
                "yw",
                "bn",
                "d5"
            ],
            "ELEMENT_NAME_IMG": [
                "blue.jpg",
                "yellow.jpg",
                "brown.jpg",
                "dot_pattern_5x5.jpg"
            ],
            "ELEMENT_NUM_DIG": [
                9,
                8,
                7,
                12
            ],
            "GENE_TIME": "Thu Jan 13 15:39:23 2022"
        },
        "Note": [
            1,
            2,
            0
        ],
        "INPUT": {
            "Floor": "chess_pattern_orig.jpg",
            "Ceiling": "dot_pattern_5x5.jpg",
            "Path Length": "2"
        }
    },
    "2022-01-14-16_04_20 sdsdssd": {
        "pepepepe": {
            "ELEMENT_DECODE_INDEX": [
                "pe",
                "pe",
                "pe",
                "pe"
            ],
            "ELEMENT_NAME_IMG": [
                "purple.jpg",
                "purple.jpg",
                "purple.jpg",
                "purple.jpg"
            ],
            "ELEMENT_NUM_DIG": [
                4,
                4,
                4,
                4
            ],
            "GENE_TIME": "Fri Jan 14 16:04:14 2022"
        },
        "Note": [
            3,
            0,
            0
        ],
        "INPUT": {
            "Floor": "chess_pattern_orig.jpg",
            "Ceiling": "black.jpg",
            "Path Length": "2"
        }
    },
    "2022-01-14-16_05_30 sdsdsd": {
        "pepepepe": {
            "ELEMENT_DECODE_INDEX": [
                "pe",
                "pe",
                "pe",
                "pe"
            ],
            "ELEMENT_NAME_IMG": [
                "purple.jpg",
                "purple.jpg",
                "purple.jpg",
                "purple.jpg"
            ],
            "ELEMENT_NUM_DIG": [
                4,
                4,
                4,
                4
            ],
            "GENE_TIME": "Fri Jan 14 16:05:24 2022"
        },
        "Note": [
            3,
            0,
            0
        ],
        "INPUT": {
            "Floor": "chess_pattern_5x5.jpg",
            "Ceiling": "black.jpg",
            "Path Length": "2"
        }
    },
    "2022-01-14-18_19_15 sdsd": {
        "beywbnd5": {
            "ELEMENT_DECODE_INDEX": [
                "be",
                "yw",
                "bn",
                "d5"
            ],
            "ELEMENT_NAME_IMG": [
                "blue.jpg",
                "yellow.jpg",
                "brown.jpg",
                "dot_pattern_5x5.jpg"
            ],
            "ELEMENT_NUM_DIG": [
                9,
                8,
                7,
                12
            ],
            "GENE_TIME": "Fri Jan 14 18:19:09 2022"
        },
        "Note": [
            3,
            0,
            0
        ],
        "INPUT": {
            "Floor": "chess_pattern_5x5.jpg",
            "Ceiling": "chess_pattern_5x5.jpg",
            "Path Length": "2"
        }
    },
    "2022-01-14-18_21_14 sdsd": {
        "beywbnd5": {
            "ELEMENT_DECODE_INDEX": [
                "be",
                "yw",
                "bn",
                "d5"
            ],
            "ELEMENT_NAME_IMG": [
                "blue.jpg",
                "yellow.jpg",
                "brown.jpg",
                "dot_pattern_5x5.jpg"
            ],
            "ELEMENT_NUM_DIG": [
                9,
                8,
                7,
                12
            ],
            "GENE_TIME": "Fri Jan 14 18:21:06 2022"
        },
        "Note": [
            3,
            0,
            0
        ],
        "INPUT": {
            "Floor": "chess_pattern_orig.jpg",
            "Ceiling": "chess_pattern_5x5.jpg",
            "Path Length": "2"
        }
    },
    "2022-01-14-18_24_15 wewe": {
        "beywbnd5": {
            "ELEMENT_DECODE_INDEX": [
                "be",
                "yw",
                "bn",
                "d5"
            ],
            "ELEMENT_NAME_IMG": [
                "blue.jpg",
                "yellow.jpg",
                "brown.jpg",
                "dot_pattern_5x5.jpg"
            ],
            "ELEMENT_NUM_DIG": [
                9,
                8,
                7,
                12
            ],
            "GENE_TIME": "Fri Jan 14 18:24:08 2022"
        },
        "Note": [
            3,
            0,
            0
        ],
        "INPUT": {
            "Floor": "chess_pattern_5x5.jpg",
            "Ceiling": "chess_pattern_orig.jpg",
            "Path Length": "2"
        }
    },
    "2022-01-14-18_25_42 wewe": {
        "beywbnd5": {
            "ELEMENT_DECODE_INDEX": [
                "be",
                "yw",
                "bn",
                "d5"
            ],
            "ELEMENT_NAME_IMG": [
                "blue.jpg",
                "yellow.jpg",
                "brown.jpg",
                "dot_pattern_5x5.jpg"
            ],
            "ELEMENT_NUM_DIG": [
                9,
                8,
                7,
                12
            ],
            "GENE_TIME": "Fri Jan 14 18:24:08 2022"
        },
        "Note": [
            3,
            0,
            0
        ],
        "INPUT": {
            "Floor": "chess_pattern_5x5.jpg",
            "Ceiling": "chess_pattern_orig.jpg",
            "Path Length": "2"
        }
    },
    "2022-01-14-18_31_02 sdsd": {
        "pepepepe": {
            "ELEMENT_DECODE_INDEX": [
                "pe",
                "pe",
                "pe",
                "pe"
            ],
            "ELEMENT_NAME_IMG": [
                "purple.jpg",
                "purple.jpg",
                "purple.jpg",
                "purple.jpg"
            ],
            "ELEMENT_NUM_DIG": [
                4,
                4,
                4,
                4
            ],
            "GENE_TIME": "Fri Jan 14 18:30:54 2022"
        },
        "Note": [
            3,
            0,
            0
        ],
        "INPUT": {
            "Floor": "chess_pattern_orig.jpg",
            "Ceiling": "chess_pattern_5x5.jpg",
            "Path Length": "2"
        }
    }
}