{
    "format": {
        "element_decode": [
            "index1",
            "index2",
            "index3",
            "index4"
        ],
        "element_name": [
            "IMG1",
            "IMG2",
            "IMG3",
            "IMG4"
        ],
        "element_num": [
            "NUM1",
            "NUM2",
            "NUM3",
            "NUM4"
        ],
        "GENE_TIME": "Wed Jan 31 09:49:09 2018"
    },
    "cgpeywcx": {
        "ELEMENT_DECODE_INDEX": [
            "cg",
            "pe",
            "yw",
            "cx"
        ],
        "ELEMENT_NAME_IMG": [
            "chess_pattern_orig.jpg",
            "purple.jpg",
            "yellow.jpg",
            "cube_pattern_5x5.jpg"
        ],
        "ELEMENT_NUM_DIG": [
            1,
            4,
            8,
            11
        ],
        "GENE_TIME": "Thu Jan 13 17:17:23 2022"
    },
    "cgpeywgn": {
        "ELEMENT_DECODE_INDEX": [
            "cg",
            "pe",
            "yw",
            "gn"
        ],
        "ELEMENT_NAME_IMG": [
            "chess_pattern_orig.jpg",
            "purple.jpg",
            "yellow.jpg",
            "green.jpg"
        ],
        "ELEMENT_NUM_DIG": [
            1,
            4,
            8,
            10
        ],
        "GENE_TIME": "Fri Jan 14 18:32:44 2022"
    },
    "cgpegnbk": {
        "ELEMENT_DECODE_INDEX": [
            "cg",
            "pe",
            "gn",
            "bk"
        ],
        "ELEMENT_NAME_IMG": [
            "chess_pattern_orig.jpg",
            "purple.jpg",
            "green.jpg",
            "black.jpg"
        ],
        "ELEMENT_NUM_DIG": [
            1,
            4,
            10,
            0
        ],
        "GENE_TIME": "Thu Jan 13 17:17:40 2022"
    }
}