{
    "format": {
        "element_decode": [
            "index1",
            "index2",
            "index3",
            "index4"
        ],
        "element_name": [
            "IMG1",
            "IMG2",
            "IMG3",
            "IMG4"
        ],
        "element_num": [
            "NUM1",
            "NUM2",
            "NUM3",
            "NUM4"
        ],
        "GENE_TIME": "Wed Jan 31 09:49:09 2018"
    },
    "crcrcrcr": {
        "ELEMENT_DECODE_INDEX": [
            "cr",
            "cr",
            "cr",
            "cr"
        ],
        "ELEMENT_NAME_IMG": [
            "chess_pattern_5x5_sparser.jpg",
            "chess_pattern_5x5_sparser.jpg",
            "chess_pattern_5x5_sparser.jpg",
            "chess_pattern_5x5_sparser.jpg"
        ],
        "ELEMENT_NUM_DIG": [
            4,
            4,
            4,
            4
        ],
        "GENE_TIME": "Thu Jan 13 12:38:56 2022"
    },
    "bebebebe": {
        "ELEMENT_DECODE_INDEX": [
            "be",
            "be",
            "be",
            "be"
        ],
        "ELEMENT_NAME_IMG": [
            "blue.jpg",
            "blue.jpg",
            "blue.jpg",
            "blue.jpg"
        ],
        "ELEMENT_NUM_DIG": [
            1,
            1,
            1,
            1
        ],
        "GENE_TIME": "Thu Jan 13 12:58:57 2022"
    }
}