{
    "format": {
        "element_decode": [
            "index1",
            "index2",
            "index3",
            "index4"
        ],
        "element_name": [
            "IMG1",
            "IMG2",
            "IMG3",
            "IMG4"
        ],
        "element_num": [
            "NUM1",
            "NUM2",
            "NUM3",
            "NUM4"
        ],
        "GENE_TIME": "Wed Jan 31 09:49:09 2018"
    },
    "c5c5c5c5": {
        "ELEMENT_DECODE_INDEX": [
            "c5",
            "c5",
            "c5",
            "c5"
        ],
        "ELEMENT_NAME_IMG": [
            "chess_pattern_5x5.jpg",
            "chess_pattern_5x5.jpg",
            "chess_pattern_5x5.jpg",
            "chess_pattern_5x5.jpg"
        ],
        "ELEMENT_NUM_DIG": [
            3,
            3,
            3,
            3
        ],
        "GENE_TIME": "Wed Jan  5 01:17:37 2022"
    },
    "bebnc5cr": {
        "ELEMENT_DECODE_INDEX": [
            "be",
            "bn",
            "c5",
            "cr"
        ],
        "ELEMENT_NAME_IMG": [
            "blue.jpg",
            "brown.jpg",
            "chess_pattern_5x5.jpg",
            "chess_pattern_5x5_sparser.jpg"
        ],
        "ELEMENT_NUM_DIG": [
            1,
            2,
            3,
            4
        ],
        "GENE_TIME": "Wed Jan  5 00:16:23 2022"
    },
    "bebnc5d5": {
        "ELEMENT_DECODE_INDEX": [
            "be",
            "bn",
            "c5",
            "d5"
        ],
        "ELEMENT_NAME_IMG": [
            "blue.jpg",
            "brown.jpg",
            "chess_pattern_5x5.jpg",
            "dot_pattern_5x5.jpg"
        ],
        "ELEMENT_NUM_DIG": [
            1,
            2,
            3,
            7
        ],
        "GENE_TIME": "Wed Jan  5 01:17:48 2022"
    },
    "d5gncgbe": {
        "ELEMENT_DECODE_INDEX": [
            "d5",
            "gn",
            "cg",
            "be"
        ],
        "ELEMENT_NAME_IMG": [
            "dot_pattern_5x5.jpg",
            "green.jpg",
            "chess_pattern_orig.jpg",
            "blue.jpg"
        ],
        "ELEMENT_NUM_DIG": [
            7,
            8,
            5,
            1
        ],
        "GENE_TIME": "Wed Jan  5 01:26:00 2022"
    },
    "bnweywpe": {
        "ELEMENT_DECODE_INDEX": [
            "bn",
            "we",
            "yw",
            "pe"
        ],
        "ELEMENT_NAME_IMG": [
            "brown.jpg",
            "white.jpg",
            "yellow.jpg",
            "purple.jpg"
        ],
        "ELEMENT_NUM_DIG": [
            2,
            11,
            12,
            9
        ],
        "GENE_TIME": "Wed Jan  5 01:17:41 2022"
    }
}